年份,地區,家庭戶數,平均每戶人數,平均每戶成年人數,平均每戶就業人數,平均每戶所得收入者人數,所得收入總計,總消費支出,食品食品及非酒精飲料,2.菸酒及檳榔,衣著鞋襪及服飾用品,住宅服務、水電瓦斯及其他燃料,家具設備及家務維護,醫療保健,交通,通訊,休閒與文化,教育,餐廳及旅館,什項消費,套裝旅遊,娛樂消遣及文化服務,書報雜誌文具,教育消遣康樂器材及其附屬品,區域
2011,新北市,"1,418,021",3.32,2.63,1.54,1.74,"1,116,342","745,901","109,957","9,504","25,353","199,123","17,147","96,069","60,455","26,612","37,874","40,260","83,305","40,243","13,164","11,309","5,918","7,482",北部
2011,台北市,"991,169",3.28,2.68,1.41,1.7,"1,537,890","996,646","143,530","7,916","27,855","303,328","26,169","123,068","76,625","30,673","70,996","40,509","83,936","62,041","34,596","16,088","7,497","12,814",北部
2011,桃園市,"860,512",3.45,2.67,1.57,1.68,"1,100,346","726,320","109,312","9,088","23,133","169,404","17,117","113,235","71,989","24,781","33,962","39,897","76,191","38,211","11,837","9,845","6,383","5,896",北部
2011,台中市,"644,201",3.19,2.56,1.57,1.7,"948,383","630,810","97,558","8,729","16,860","136,698","13,974","101,890","71,821","21,289","26,334","34,452","68,811","32,395","8,725","7,265","4,964","5,380",中部
2011,台南市,"1,029,122",3.16,2.54,1.41,1.64,"1,043,941","686,354","100,876","9,771","19,179","152,699","16,307","121,739","62,196","22,979","31,647","36,527","77,494","34,937","11,079","9,687","5,069","5,812",南部
2011,高雄市,"155,006",3.17,2.51,1.22,1.61,"877,016","602,332","92,450","10,397","17,388","125,891","13,557","128,784","58,280","18,390","24,931","26,813","50,733","34,717","8,388","7,342","4,497","4,705",南部
2011,宜蘭縣,"679,262",3.52,2.62,1.55,1.76,"1,183,732","822,232","125,929","10,830","27,961","189,781","21,585","91,504","100,742","25,880","46,862","43,315","92,709","45,134","18,599","11,505","5,830","10,928",北部
2011,新竹縣,"163,231",3.6,2.71,1.64,1.84,"1,372,358","907,729","112,478","11,480","31,847","188,925","27,986","112,667","116,141","30,182","55,742","56,089","95,134","69,058","25,842","12,750","6,449","10,700",北部
2011,苗栗縣,"173,859",3.57,2.78,1.57,1.77,"1,014,144","656,067","84,698","10,907","23,243","141,761","18,914","108,655","94,223","23,912","28,777","32,971","48,395","39,611","9,665","8,011","3,805","7,297",中部
2011,彰化縣,"365,452",3.54,2.71,1.68,1.71,"920,937","579,670","102,851","8,095","17,977","123,898","12,114","92,170","60,460","19,604","24,141","35,914","55,220","27,226","7,968","6,269","4,784","5,121",中部
2011,南投縣,"171,507",3.4,2.61,1.49,1.63,"881,743","629,379","96,518","11,510","15,211","138,036","12,500","117,978","70,739","18,617","24,868","37,326","53,911","32,164","8,117","6,395","5,261","5,094",中部
2011,雲林縣,"230,475",2.99,2.35,1.37,1.49,"817,778","491,428","70,832","11,102","14,356","104,936","14,661","92,301","52,744","17,655","21,753","23,592","37,353","30,142","5,261","6,310","4,395","5,787",中部
2011,嘉義縣,"177,203",2.91,2.31,1.36,1.62,"804,668","520,344","103,697","11,601","16,353","92,430","11,635","98,302","52,388","15,456","19,557","21,076","45,487","32,363","4,789","6,163","4,409","4,197",南部
2011,屏東縣,"277,715",3.01,2.4,1.44,1.53,"866,795","558,868","70,846","10,934","17,400","111,856","17,345","94,465","58,165","17,602","29,159","29,357","55,877","45,862","8,171","8,045","5,153","7,789",南部
2011,台東縣,"80,663",2.72,2.1,1.19,1.36,"733,168","435,401","59,228","17,327","15,282","102,506","9,897","81,490","44,464","16,328","16,037","13,085","37,188","22,569","3,968","5,137","3,139","3,792",東部
2011,花蓮縣,"121,455",2.8,2.21,1.23,1.51,"920,602","554,335","81,341","11,922","16,630","124,346","13,249","109,236","67,164","21,597","25,962","20,267","52,516","27,233","9,369","7,052","4,143","5,399",東部
2011,澎湖縣,"34,377",2.86,2.25,1.05,1.46,"828,441","486,598","82,870","10,315","17,043","115,213","12,111","95,336","36,641","16,676","19,513","21,322","34,727","24,830","6,570","6,711","2,728","3,504",離島
2011,基隆市,"147,494",3.18,2.63,1.43,1.68,"1,018,118","718,329","119,742","13,418","31,158","149,922","21,317","109,075","64,760","22,136","37,837","29,137","77,824","42,003","12,043","10,980","6,129","8,685",北部
2011,新竹市,"143,482",3.45,2.59,1.52,1.81,"1,479,675","982,122","120,871","9,228","32,537","230,323","34,943","126,505","108,912","31,210","75,320","54,409","98,824","59,041","30,328","18,959","7,264","18,769",北部
2011,嘉義市,"95,622",3.13,2.38,1.28,1.5,"925,444","616,177","113,584","10,016","18,417","148,298","15,332","88,671","54,856","17,565","28,034","31,637","62,972","26,796","10,224","7,160","5,407","5,243",南部
2012,新北市,"1,443,851",3.28,2.62,1.51,1.73,"1,101,389","741,651","108,386","9,420","24,033","194,242","16,822","91,803","65,748","29,594","38,463","36,712","88,341","38,086","13,976","10,759","5,783","7,945",北部
2012,台北市,"1,007,687",3.21,2.64,1.39,1.71,"1,570,778","973,747","146,586","7,484","26,975","291,037","25,643","116,812","75,845","30,631","69,412","40,036","86,372","56,913","36,406","14,496","6,940","11,570",北部
2012,桃園市,"875,159",3.27,2.54,1.48,1.62,"1,067,060","717,894","108,722","7,916","22,762","167,622","15,174","108,486","69,081","23,903","38,468","37,622","79,580","38,559","15,283","10,894","6,003","6,288",北部
2012,台中市,"651,898",3.18,2.56,1.49,1.65,"927,231","627,337","101,185","8,619","15,929","132,208","14,146","105,844","66,991","22,186","26,300","32,707","68,095","33,127","9,393","7,113","4,843","4,950",中部
2012,台南市,"1,039,797",3.15,2.5,1.41,1.64,"1,085,971","694,285","102,327","9,846","19,041","156,687","18,265","118,038","67,753","25,035","30,394","31,426","83,169","32,303","10,815","8,753","4,677","6,149",南部
2012,高雄市,"157,379",3.29,2.53,1.36,1.64,"1,075,706","698,346","108,303","9,848","20,929","147,452","16,770","133,965","73,885","23,593","29,408","35,597","59,409","39,189","10,245","7,836","5,606","5,721",南部
2012,宜蘭縣,"692,509",3.5,2.65,1.58,1.82,"1,238,698","815,889","141,396","10,799","30,778","193,331","21,139","94,541","81,256","27,891","44,345","39,518","88,286","42,609","17,052","11,693","5,576","10,023",北部
2012,新竹縣,"167,603",3.58,2.72,1.68,1.88,"1,367,712","898,118","118,020","13,129","28,405","212,068","26,937","110,466","108,723","31,101","44,867","48,112","92,571","63,719","18,537","11,502","6,074","8,753",北部
2012,苗栗縣,"176,682",3.37,2.66,1.46,1.72,"1,012,306","629,119","81,792","9,569","18,921","143,450","16,935","111,811","75,278","24,584","30,201","34,452","49,084","33,044","12,661","8,259","4,020","5,261",中部
2012,彰化縣,"369,488",3.33,2.58,1.58,1.68,"953,701","597,253","103,654","7,196","16,947","134,152","14,565","99,615","57,842","20,334","23,947","36,483","54,309","28,210","7,762","5,688","4,787","5,711",中部
2012,南投縣,"173,262",3.32,2.63,1.61,1.72,"986,881","648,629","98,510","11,955","17,571","129,843","18,073","120,861","74,496","20,295","28,819","24,349","61,043","42,815","9,625","7,911","4,586","6,697",中部
2012,雲林縣,"233,120",2.94,2.33,1.37,1.55,"824,211","487,669","70,083","12,416","14,126","104,971","12,508","97,045","53,037","16,615","19,287","20,198","40,153","27,229","5,589","5,690","3,910","4,098",中部
2012,嘉義縣,"178,627",2.82,2.25,1.29,1.57,"880,625","572,225","109,420","11,521","16,841","99,986","11,322","110,324","67,957","15,834","21,781","19,889","54,083","33,268","6,386","6,742","4,006","4,648",南部
2012,屏東縣,"279,610",3.12,2.48,1.48,1.52,"889,560","553,602","74,576","11,171","14,378","112,576","15,303","95,544","51,807","19,991","31,479","24,676","65,720","36,381","11,318","8,025","4,594","7,542",南部
2012,台東縣,"80,981",2.71,2.07,1.15,1.41,"796,622","464,577","56,250","12,660","13,525","107,080","9,704","93,487","46,570","17,105","22,375","14,434","42,396","28,991","8,466","5,729","3,553","4,628",東部
2012,花蓮縣,"122,228",2.75,2.17,1.19,1.46,"927,400","566,694","83,866","10,354","17,363","125,179","11,981","109,236","63,570","20,982","25,877","21,344","50,885","26,057","9,335","7,673","3,556","5,314",東部
2012,澎湖縣,"35,395",2.8,2.22,1.04,1.48,"887,077","492,419","83,381","8,233","21,354","103,460","12,183","96,070","33,987","17,527","22,398","22,841","45,911","25,075","8,346","7,488","3,268","3,297",離島
2012,基隆市,"148,277",2.92,2.4,1.27,1.62,"955,197","660,931","115,689","12,038","27,264","136,136","19,873","106,457","59,270","22,693","37,206","22,620","68,034","43,631","11,662","10,158","5,314","10,072",北部
2012,新竹市,"147,214",3.29,2.6,1.5,1.81,"1,439,066","935,237","122,908","11,692","26,821","233,789","32,327","132,490","94,866","29,655","57,670","42,643","99,403","50,974","25,479","13,575","4,916","13,700",北部
2012,嘉義市,"96,556",3.04,2.35,1.31,1.54,"1,095,203","686,120","102,565","8,684","19,041","167,767","18,139","92,337","60,030","21,278","37,284","36,555","84,308","38,130","15,321","10,002","5,098","6,863",南部
2013,新北市,"1,465,941",3.27,2.63,1.5,1.75,"1,129,598","750,687","105,359","8,647","25,463","199,945","17,797","94,828","64,343","29,948","40,467","36,718","86,444","40,728","15,369","12,227","5,530","7,342",北部
2013,台北市,"1,021,435",3.13,2.63,1.33,1.69,"1,545,415","1,001,798","149,101","7,423","28,670","301,708","28,088","121,531","73,623","31,984","72,068","35,299","87,337","64,968","40,534","14,224","6,570","10,739",北部
2013,桃園市,"889,989",3.29,2.59,1.52,1.73,"1,126,875","781,899","112,170","8,165","24,897","178,981","15,182","123,811","81,437","27,803","43,339","36,273","87,576","42,266","17,850","11,869","6,392","7,228",北部
2013,台中市,"659,561",3.18,2.53,1.51,1.69,"996,434","654,843","105,934","9,146","17,047","136,748","16,067","110,184","67,914","23,090","28,445","31,347","71,426","37,496","10,886","7,704","4,734","5,121",中部
2013,台南市,"1,050,752",3.1,2.54,1.44,1.7,"1,107,383","709,823","100,782","8,440","17,552","158,761","16,318","118,574","73,395","24,880","33,627","29,983","90,151","37,358","15,391","8,875","4,169","5,192",南部
2013,高雄市,"159,807",3.05,2.36,1.26,1.6,"979,013","668,544","113,773","11,602","18,396","135,603","14,443","127,982","72,409","23,547","29,049","24,534","57,848","39,359","12,203","7,254","4,557","5,034",南部
2013,宜蘭縣,"708,149",3.56,2.75,1.61,1.89,"1,257,146","832,626","142,938","10,610","26,850","197,579","19,399","96,691","92,222","31,352","37,037","40,347","88,516","49,085","13,267","10,885","5,777","7,108",北部
2013,新竹縣,"172,418",3.42,2.59,1.61,1.83,"1,346,768","858,781","112,920","8,797","25,758","199,255","27,353","104,262","106,018","27,645","50,414","49,514","94,389","52,456","22,681","13,459","6,083","8,191",北部
2013,苗栗縣,"179,484",3.24,2.54,1.44,1.7,"1,020,185","621,582","92,684","9,641","18,339","150,747","17,734","99,643","77,934","23,977","26,541","30,328","44,089","29,925","8,821","8,665","3,733","5,322",中部
2013,彰化縣,"373,945",3.35,2.67,1.62,1.69,"936,595","577,658","102,773","7,507","15,755","121,423","10,077","95,968","70,839","19,620","24,173","32,477","50,825","26,221","9,251","5,962","4,760","4,200",中部
2013,南投縣,"174,926",3.07,2.47,1.45,1.62,"896,557","584,190","101,785","10,470","18,214","121,383","11,796","112,297","65,294","19,484","21,601","24,570","50,058","27,238","7,176","6,699","4,219","3,507",中部
2013,雲林縣,"235,810",2.87,2.34,1.32,1.47,"838,094","522,661","73,960","8,572","13,127","108,179","15,123","114,897","57,713","17,494","20,139","20,543","46,556","26,358","6,070","6,029","3,218","4,822",中部
2013,嘉義縣,"180,202",3.07,2.45,1.38,1.62,"858,253","616,718","118,387","14,950","18,690","103,443","12,167","120,907","71,943","17,231","25,047","22,210","59,633","32,110","9,504","6,303","4,772","4,467",南部
2013,屏東縣,"281,553",3.11,2.46,1.5,1.54,"861,063","545,713","75,181","10,218","14,199","105,127","13,766","95,430","53,156","20,692","27,637","25,844","65,848","38,616","9,305","7,833","4,037","6,462",南部
2013,台東縣,"81,482",2.54,1.99,1.09,1.44,"799,026","478,531","70,559","14,182","13,820","111,771","11,685","93,061","45,674","17,927","20,064","13,655","42,396","23,738","8,048","5,242","2,876","3,899",東部
2013,花蓮縣,"123,004",2.91,2.27,1.18,1.53,"966,607","554,525","85,252","10,699","14,017","125,331","14,613","100,459","57,021","22,022","25,200","21,497","49,913","28,500","9,765","6,827","3,476","5,132",東部
2013,澎湖縣,"36,364",2.82,2.3,1.11,1.55,"922,916","514,077","88,761","11,510","21,235","112,737","10,210","103,778","44,175","19,648","22,424","15,845","40,603","23,151","9,489","6,982","2,306","3,647",離島
2013,基隆市,"149,091",2.9,2.44,1.29,1.59,"1,002,341","719,698","123,360","12,357","28,433","157,701","19,873","106,457","66,412","23,307","40,422","20,086","76,083","45,204","14,368","12,705","4,542","8,807",北部
2013,新竹市,"150,366",3.39,2.6,1.54,1.87,"1,535,411","1,044,462","134,160","12,147","32,334","240,959","46,193","147,207","131,139","32,325","58,811","46,842","105,513","56,831","20,873","17,332","6,158","14,447",北部
2013,嘉義市,"97,361",3.29,2.58,1.48,1.8,"1,241,161","788,432","121,661","8,766","22,909","181,415","22,427","106,016","78,281","24,686","37,951","28,628","98,262","44,328","18,549","8,734","4,679","6,450",南部
2014,新北市,"1,486,716",3.25,2.65,1.51,1.79,"1,146,991","760,951","104,093","8,823","26,425","207,374","18,721","97,722","62,378","30,414","41,640","32,335","89,001","42,024","17,128","11,759","5,649","7,104",北部
2014,台北市,"1,031,465",3.13,2.59,1.34,1.7,"1,575,819","1,014,262","144,205","7,566","30,517","301,205","28,096","126,151","78,606","32,826","72,027","40,479","90,433","62,151","39,285","16,141","6,315","10,286",北部
2014,桃園市,"723,763",3.46,2.67,1.65,1.88,"1,327,963","821,381","126,349","11,333","25,664","201,904","20,077","98,089","86,032","30,717","44,067","37,085","91,784","48,280","21,488","10,953","4,994","6,633",北部
2014,台中市,"904,183",3.15,2.52,1.47,1.7,"1,152,523","786,285","106,296","9,572","25,816","183,513","17,708","121,299","80,936","27,886","43,592","36,488","91,391","41,790","18,426","12,015","6,197","6,953",中部
2014,台南市,"665,443",3.12,2.56,1.53,1.72,"991,990","674,797","108,452","7,796","16,582","146,677","14,989","112,953","69,702","24,145","28,228","30,004","80,461","34,807","10,720","8,520","4,278","4,710",南部
2014,高雄市,"1,059,475",3.05,2.49,1.44,1.7,"1,112,287","722,305","104,087","9,053","17,963","162,501","15,648","119,375","68,934","25,292","33,684","29,887","98,880","37,002","14,955","9,524","4,374","4,831",南部
2014,宜蘭縣,"161,730",3.17,2.55,1.3,1.67,"1,071,335","738,296","118,521","10,507","21,492","150,119","16,972","143,202","85,401","23,771","29,288","28,970","66,538","43,517","12,817","7,493","4,058","4,920",北部
2014,新竹縣,"176,832",3.49,2.69,1.65,1.87,"1,389,453","900,922","105,798","10,916","29,505","211,498","23,964","115,165","120,547","28,909","46,432","44,630","106,362","57,197","19,645","13,921","5,115","7,750",北部
2014,苗栗縣,"181,983",3.39,2.71,1.53,1.78,"1,100,084","649,705","101,441","12,290","20,010","144,250","16,445","107,901","75,627","26,520","29,454","29,734","55,137","30,894","12,545","8,645","3,308","4,957",中部
2014,彰化縣,"377,149",3.31,2.67,1.54,1.66,"940,572","594,464","101,613","7,840","16,962","126,034","13,058","99,802","63,829","21,746","25,499","35,481","55,037","27,564","10,353","6,231","5,164","3,752",中部
2014,南投縣,"175,808",3.03,2.46,1.37,1.57,"919,551","561,412","97,113","10,962","16,642","115,681","9,826","114,810","55,176","19,736","19,816","21,027","46,902","33,721","7,173","6,263","3,447","2,933",中部
2014,雲林縣,"237,254",2.85,2.34,1.29,1.54,"865,131","518,443","77,302","10,128","12,731","106,544","13,575","115,821","50,871","17,530","18,764","17,647","47,736","29,795","5,402","5,696","3,600","4,066",中部
2014,嘉義縣,"180,933",2.77,2.26,1.25,1.52,"789,406","567,649","109,097","11,912","15,636","100,968","12,172","119,129","59,886","16,518","18,367","18,368","60,467","25,128","5,883","5,598","3,712","3,174",南部
2014,屏東縣,"282,596",2.84,2.36,1.35,1.48,"832,681","547,989","81,329","11,237","14,018","104,102","15,957","86,633","49,908","19,922","28,622","22,631","94,602","34,314","9,582","8,800","3,806","6,434",南部
2014,台東縣,"81,951",2.58,2.02,1.17,1.41,"820,549","494,037","72,627","14,050","15,363","117,187","10,317","95,956","47,158","20,329","15,496","13,431","44,929","24,152","4,688","6,300","2,156","2,352",東部
2014,花蓮縣,"123,835",2.64,2.17,1.08,1.46,"860,613","547,353","83,938","11,383","13,714","125,630","10,975","104,945","61,096","20,856","26,670","14,309","49,699","28,585","13,316","7,063","2,685","4,068",東部
2014,澎湖縣,"37,401",2.63,2.2,1.04,1.46,"932,694","543,641","87,624","9,719","19,323","116,664","10,323","108,508","43,667","19,261","23,216","15,123","45,899","26,107","9,554","6,506","1,899","2,295",離島
2014,基隆市,"150,053",2.8,2.42,1.16,1.61,"957,360","692,416","123,901","10,739","29,460","142,798","22,340","114,442","57,457","23,812","39,711","20,552","76,950","44,916","17,056","11,992","5,209","9,516",北部
2014,新竹市,"153,558",3.36,2.57,1.46,1.83,"1,576,797","1,036,179","133,084","11,780","28,295","235,067","27,407","138,194","128,121","30,392","62,736","46,699","100,647","46,171","31,114","15,689","5,149","10,784",北部
2014,嘉義市,"97,872",2.97,2.42,1.26,1.65,"1,157,962","726,313","110,628","8,751","26,770","148,531","19,788","114,438","72,767","23,804","38,429","28,628","98,262","40,703","18,549","8,734","4,679","6,450",南部
2015,新北市,"1,503,844",3.14,2.58,1.44,1.76,"1,171,978","765,476","101,942","8,453","25,691","214,877","18,526","98,843","59,977","30,702","46,133","31,166","89,277","39,888","21,542","12,362","4,986","7,243",北部
2015,台北市,"1,041,379",3.08,2.6,1.31,1.76,"1,581,899","1,005,898","149,078","6,646","28,686","299,256","28,927","128,925","70,985","30,687","76,286","34,710","89,975","61,738","46,482","15,479","5,626","8,700",北部
2015,桃園市,"742,046",3.45,2.69,1.6,1.87,"1,307,158","821,563","123,567","10,852","25,614","210,771","19,116","99,232","82,616","30,698","44,621","36,536","91,727","46,214","21,820","11,488","4,772","6,540",北部
2015,台中市,"920,195",3.11,2.54,1.46,1.7,"1,169,183","777,046","106,858","9,899","25,044","186,909","17,039","115,855","74,441","26,563","48,557","32,376","92,807","40,700","24,193","12,182","5,456","6,726",中部
2015,台南市,"670,228",3.11,2.52,1.52,1.75,"1,007,093","675,861","109,245","8,460","16,072","144,971","15,084","117,910","67,990","23,740","27,954","28,348","79,185","36,904","11,267","8,172","4,104","4,412",南部
2015,高雄市,"1,069,177",2.96,2.46,1.4,1.71,"1,145,895","752,712","106,387","8,777","18,473","166,022","19,060","128,983","72,254","25,872","34,893","30,303","103,955","37,732","16,479","9,466","4,112","4,836",南部
2015,宜蘭縣,"163,974",3.23,2.56,1.46,1.79,"1,160,320","839,843","127,207","13,523","25,098","159,165","22,322","157,110","92,559","27,850","43,215","31,806","86,642","53,345","20,250","9,276","5,724","7,964",北部
2015,新竹縣,"181,120",3.31,2.51,1.49,1.73,"1,283,995","841,800","107,898","9,511","23,625","196,071","19,756","108,419","121,798","26,997","44,386","36,514","95,409","51,417","21,928","11,088","5,085","6,286",北部
2015,苗栗縣,"183,736",3.15,2.52,1.35,1.69,"1,008,241","639,582","92,448","9,191","18,132","151,479","15,032","105,777","76,722","25,060","33,581","28,849","52,059","31,252","14,651","8,872","3,764","6,295",中部
2015,彰化縣,"380,058",3.15,2.59,1.56,1.74,"926,717","586,102","106,208","8,026","18,027","121,715","12,024","106,024","54,727","20,890","23,295","30,302","56,222","28,641","9,131","6,481","4,344","3,339",中部
2015,南投縣,"176,609",3.01,2.47,1.43,1.63,"878,760","572,716","92,762","10,025","17,294","119,746","10,297","119,843","56,112","20,625","23,137","21,951","51,466","29,458","8,922","7,312","3,715","3,188",中部
2015,雲林縣,"238,079",2.9,2.41,1.41,1.56,"876,670","528,364","80,440","9,518","13,028","106,710","13,027","108,909","51,481","20,321","17,537","20,089","53,974","33,329","5,783","6,272","3,191","2,291",中部
2015,嘉義縣,"181,653",3.09,2.46,1.42,1.63,"890,742","624,427","121,746","11,345","17,059","107,073","12,745","128,886","63,699","18,617","19,888","26,812","67,188","29,370","5,985","6,447","4,204","3,251",南部
2015,屏東縣,"283,712",2.91,2.37,1.39,1.56,"869,818","576,911","82,467","10,161","15,820","103,042","15,296","100,516","49,189","21,334","27,539","22,631","94,602","34,314","12,943","6,793","3,451","4,352",南部
2015,台東縣,"82,246",2.53,1.98,1.12,1.4,"746,981","433,133","68,736","11,249","9,971","103,448","7,007","86,567","35,698","17,816","15,496","16,385","44,929","20,773","4,688","6,300","2,156","2,352",東部
2015,花蓮縣,"124,617",2.71,2.25,1.11,1.53,"924,706","563,001","93,388","10,256","14,987","125,259","10,855","113,059","54,270","21,201","27,132","14,309","49,699","28,585","13,316","7,063","2,685","4,068",東部
2015,澎湖縣,"37,981",2.55,2.16,0.96,1.5,"792,696","466,630","72,552","7,315","19,942","100,479","7,906","97,514","34,277","19,261","20,255","15,123","45,899","26,107","9,554","6,506","1,899","2,295",離島
2015,基隆市,"150,947",2.84,2.4,1.25,1.65,"1,072,433","729,180","123,047","10,739","31,687","151,910","22,433","114,442","64,920","23,812","43,773","20,552","76,950","44,916","17,056","11,992","5,209","9,516",北部
2015,新竹市,"156,266",3.33,2.58,1.39,1.8,"1,427,572","971,537","134,991","11,780","28,564","215,835","27,407","138,194","128,121","30,392","62,736","46,699","100,647","46,171","31,114","15,689","5,149","10,784",北部
2015,嘉義市,"98,628",3.05,2.45,1.27,1.61,"1,154,411","745,214","119,314","10,372","22,472","161,330","16,218","115,534","61,797","23,917","35,443","36,113","104,547","39,917","17,051","9,865","4,662","3,865",南部
2016,新北市,"1,515,318",3.1,2.59,1.44,1.84,"1,223,867","771,154","98,360","8,325","25,762","216,066","18,822","102,752","59,384","30,921","49,334","31,043","90,434","39,950","25,493","12,257","4,761","6,824",北部
2016,台北市,"1,045,175",3.0,2.56,1.29,1.75,"1,568,945","1,025,150","149,185","6,637","29,069","302,805","29,161","135,370","68,288","30,137","76,807","33,161","101,208","63,321","48,080","14,214","5,225","9,289",北部
2016,桃園市,"757,890",3.34,2.64,1.55,1.88,"1,317,790","831,228","124,126","9,070","28,563","203,271","19,277","112,604","80,257","30,782","40,871","34,923","96,196","51,288","17,434","11,257","5,295","6,886",北部
2016,台中市,"933,760",2.94,2.4,1.36,1.64,"1,140,325","769,046","105,082","7,465","23,506","187,671","16,703","114,014","76,348","26,506","45,124","30,592","95,343","40,693","22,880","11,564","4,858","5,822",中部
2016,台南市,"674,233",3.09,2.58,1.54,1.77,"1,063,495","696,425","108,382","8,712","16,991","148,952","15,460","115,607","78,306","24,368","29,687","26,752","87,334","35,873","13,730","8,619","3,426","3,912",南部
2016,高雄市,"1,076,120",3.17,2.65,1.47,1.79,"1,166,824","786,097","114,904","9,465","18,969","166,212","17,126","137,669","72,021","28,472","34,291","30,048","118,554","38,366","15,093","10,060","4,107","5,030",南部
2016,宜蘭縣,"165,698",2.91,2.44,1.33,1.71,"1,085,846","736,769","131,401","9,621","21,575","138,445","25,333","142,860","73,197","25,606","35,030","22,566","70,946","40,188","17,737","7,531","3,687","6,075",北部
2016,新竹縣,"185,128",3.43,2.72,1.67,1.94,"1,365,150","883,370","121,007","9,607","24,194","192,307","20,598","127,763","99,460","29,477","46,740","45,217","103,503","63,497","24,448","10,462","4,979","6,851",北部
2016,苗栗縣,"184,739",3.29,2.6,1.42,1.77,"1,166,196","700,967","99,447","9,846","20,425","143,273","17,308","132,438","86,924","29,384","37,946","29,408","59,376","35,193","18,979","9,051","3,835","6,080",中部
2016,彰化縣,"383,007",3.04,2.51,1.52,1.7,"994,353","603,518","106,501","8,420","17,730","127,967","12,705","94,457","76,479","21,826","25,172","28,530","55,842","27,889","11,782","6,379","4,306","2,706",中部
2016,南投縣,"177,089",3.06,2.55,1.45,1.6,"916,199","625,403","101,193","11,958","17,970","119,280","11,227","126,176","59,884","21,972","22,147","23,253","77,120","33,223","7,809","7,582","3,330","3,426",中部
2016,雲林縣,"238,767",2.78,2.32,1.38,1.54,"896,101","518,246","76,832","9,497","12,185","109,429","13,191","104,273","52,454","20,098","19,980","18,089","51,682","30,535","7,769","6,359","3,040","2,812",中部
2016,嘉義縣,"182,132",3.07,2.46,1.43,1.6,"896,217","648,026","124,420","14,404","16,420","109,311","12,431","132,488","72,133","19,463","19,703","22,003","73,765","31,485","6,182","6,060","4,257","3,204",南部
2016,屏東縣,"285,022",2.89,2.38,1.41,1.55,"911,258","629,467","109,380","9,401","17,412","107,533","16,428","107,079","55,306","24,402","30,720","19,977","98,433","33,396","15,294","7,174","3,748","4,503",南部
2016,台東縣,"82,460",2.43,2.01,1.14,1.41,"797,395","486,046","70,455","12,361","11,460","124,607","9,041","80,525","44,035","18,715","17,619","16,385","57,663","23,179","7,543","6,255","2,168","1,653",東部
2016,花蓮縣,"125,005",2.54,2.09,1.04,1.45,"948,501","562,636","86,413","8,436","13,402","124,764","13,207","119,277","59,282","20,193","29,212","10,791","51,117","26,542","13,853","10,170","2,448","2,741",東部
2016,澎湖縣,"38,571",2.84,2.35,1.17,1.63,"1,069,545","601,859","85,366","9,805","24,235","120,812","13,189","128,320","46,823","25,593","30,025","19,330","64,849","33,512","13,832","7,294","2,974","5,925",離島
2016,基隆市,"151,064",2.87,2.5,1.31,1.72,"1,074,314","762,921","122,715","12,513","33,749","151,780","25,369","127,846","59,744","26,226","44,171","26,226","88,723","43,859","16,569","12,604","5,472","9,526",北部
2016,新竹市,"158,443",3.27,2.6,1.48,1.93,"1,537,317","1,049,649","148,124","9,195","32,316","238,584","31,136","158,839","120,494","31,860","70,442","43,578","113,807","51,274","35,692","15,496","6,056","13,197",北部
2016,嘉義市,"98,602",3.05,2.4,1.23,1.59,"1,154,411","745,214","119,314","8,612","22,472","161,330","16,218","115,534","61,797","23,917","35,443","36,113","104,547","39,917","17,051","9,865","4,662","3,865",南部
2017,新北市,"1,533,928",3.1,2.6,1.46,1.84,"1,265,798","823,461","104,448","9,306","26,140","219,144","23,535","109,979","74,792","31,820","55,852","30,903","96,536","41,008","27,407","13,887","4,620","9,937",北部
2017,台北市,"1,049,354",3.08,2.62,1.34,1.78,"1,648,122","1,080,904","153,159","8,209","31,440","306,342","32,302","145,265","77,258","31,294","88,190","36,106","106,045","65,294","55,523","16,047","5,676","10,945",北部
2017,桃園市,"779,743",3.38,2.67,1.6,1.88,"1,337,361","879,508","132,623","11,824","27,395","210,048","20,573","111,365","92,121","31,309","44,383","36,065","111,174","50,628","20,496","12,351","5,274","6,262",北部
2017,台中市,"951,383",3.06,2.53,1.47,1.73,"1,245,350","849,155","114,437","9,623","26,633","212,058","18,717","123,513","74,354","28,748","53,469","31,967","108,082","47,555","28,582","12,914","5,160","6,814",中部
2017,台南市,"680,737",3.08,2.56,1.52,1.74,"1,079,199","707,495","107,453","8,123","17,276","149,956","16,553","122,243","75,862","24,016","28,681","26,599","93,051","37,684","12,956","8,509","3,193","4,023",南部
2017,高雄市,"1,087,007",3.07,2.58,1.43,1.77,"1,186,204","795,624","115,324","9,527","19,121","166,900","18,077","141,296","73,449","28,298","35,322","30,473","119,333","38,504","17,364","9,791","3,611","4,556",南部
2017,宜蘭縣,"167,742",2.87,2.38,1.14,1.62,"1,098,807","755,648","120,745","9,491","20,067","150,975","20,152","139,490","84,610","23,296","34,261","24,360","82,469","45,733","18,659","7,928","3,735","3,938",北部
2017,新竹縣,"189,271",3.4,2.67,1.55,1.8,"1,616,327","1,014,464","128,643","10,270","26,810","220,151","28,296","123,694","151,080","29,386","77,668","52,508","109,491","56,468","44,297","16,643","5,424","11,304",北部
2017,苗栗縣,"186,749",3.08,2.5,1.4,1.69,"1,029,485","653,494","91,678","10,709","17,465","140,092","16,186","113,880","78,919","27,581","32,286","22,840","61,908","39,949","15,561","8,680","3,236","4,809",中部
2017,彰化縣,"385,572",3.27,2.65,1.58,1.71,"970,491","621,736","112,658","7,560","17,901","126,603","14,443","109,834","58,119","21,291","25,528","31,631","63,462","32,708","10,964","6,548","4,917","3,099",中部
2017,南投縣,"177,729",2.94,2.46,1.32,1.61,"894,368","614,176","108,705","11,719","17,333","123,132","10,240","120,120","63,968","20,256","26,725","19,176","59,890","32,913","13,827","7,005","2,992","2,901",中部
2017,雲林縣,"239,882",2.76,2.29,1.29,1.57,"868,663","565,062","83,226","10,070","13,630","109,903","14,039","131,926","65,114","18,485","18,794","16,621","51,496","31,758","7,277","6,346","2,726","2,445",中部
2017,嘉義縣,"182,646",2.85,2.42,1.49,1.65,"901,022","638,422","116,340","13,325","14,781","112,969","11,068","127,421","87,139","19,878","22,073","16,007","66,179","31,242","11,451","5,189","2,844","2,589",南部
2017,屏東縣,"286,320",2.86,2.3,1.36,1.62,"958,999","648,324","106,498","9,772","17,635","108,445","17,219","114,066","60,820","23,543","28,016","22,180","105,063","35,068","11,633","8,149","3,782","4,453",南部
2017,台東縣,"82,755",2.52,2.02,1.15,1.46,"889,108","519,259","77,841","13,719","12,812","132,057","9,251","97,593","44,479","17,845","19,948","9,576","54,064","30,074","9,483","6,079","2,118","2,268",東部
2017,花蓮縣,"125,621",2.48,2.06,1.05,1.44,"910,090","586,240","85,484","13,226","13,696","143,288","12,770","117,110","58,228","20,423","23,694","13,517","55,069","29,735","11,680","7,215","2,133","2,666",東部
2017,澎湖縣,"39,321",2.45,2.03,0.95,1.46,"857,821","503,857","77,487","11,687","18,096","112,794","13,270","107,361","33,565","21,777","21,051","11,449","50,089","25,229","7,759","7,169","2,091","4,032",離島
2017,基隆市,"152,390",2.84,2.35,1.25,1.65,"1,096,361","777,924","127,145","11,631","29,688","183,357","25,429","106,364","64,450","22,911","49,528","22,309","91,421","43,692","24,741","11,658","5,455","7,675",北部
2017,新竹市,"161,811",2.91,2.32,1.33,1.72,"1,572,296","953,074","131,542","10,749","27,340","214,299","26,393","142,600","109,257","26,567","59,559","41,367","111,829","51,573","26,768","16,256","4,957","11,578",北部
2017,嘉義市,"99,226",2.96,2.38,1.34,1.64,"1,090,947","736,330","119,033","9,393","17,467","161,284","17,199","114,828","71,872","24,227","34,201","28,636","105,709","32,482","16,988","8,998","4,434","3,782",南部
2018,新北市,"1,551,017",3.05,2.61,1.42,1.86,"1,292,753","820,520","101,142","8,955","25,983","218,126","22,916","124,876","67,636","28,753","55,445","28,187","98,895","39,606","28,784","13,680","4,051","8,930",北部
2018,台北市,"1,053,741",3.16,2.7,1.39,1.85,"1,649,348","1,082,626","159,108","7,723","28,312","310,679","28,365","150,546","74,928","28,796","87,803","37,397","112,002","56,968","54,623","17,933","5,133","10,115",北部
2018,桃園市,"798,391",3.26,2.61,1.54,1.87,"1,378,732","901,666","131,234","12,150","28,067","218,630","21,555","116,632","102,515","28,306","47,063","35,110","111,337","49,066","24,392","12,176","4,709","5,786",北部
2018,台中市,"965,455",3.1,2.56,1.47,1.78,"1,279,865","865,525","118,512","10,105","27,498","206,937","19,021","129,375","80,307","25,417","50,887","29,585","115,720","52,159","25,715","12,914","4,765","7,493",中部
2018,台南市,"685,873",3.06,2.55,1.5,1.74,"1,086,077","717,367","111,136","8,869","16,132","156,037","15,238","121,724","74,407","22,546","29,691","25,959","98,455","37,171","13,049","9,635","3,260","3,746",南部
2018,高雄市,"1,095,318",3.05,2.55,1.44,1.78,"1,219,246","793,253","115,774","9,291","19,246","169,084","17,764","136,218","73,424","27,884","35,630","30,457","119,696","38,785","18,745","9,422","3,176","4,287",南部
2018,宜蘭縣,"168,959",2.84,2.36,1.19,1.59,"1,069,997","721,622","117,320","12,791","17,871","149,458","16,848","120,360","92,925","21,196","28,760","24,581","78,406","41,106","12,369","9,020","3,057","4,313",北部
2018,新竹縣,"192,993",3.18,2.64,1.55,1.86,"1,519,478","945,759","117,838","11,904","24,880","217,382","32,298","122,984","139,201","25,345","58,405","37,846","104,451","53,225","31,087","13,731","3,791","9,796",北部
2018,苗栗縣,"188,522",2.97,2.51,1.31,1.69,"1,045,881","640,257","87,985","10,261","18,938","135,572","13,945","136,942","75,531","26,508","27,822","16,143","54,432","36,179","11,557","8,675","2,631","4,958",中部
2018,彰化縣,"388,042",3.12,2.6,1.54,1.77,"997,162","596,383","104,031","7,636","16,829","120,403","12,508","113,431","57,961","18,934","24,153","25,005","65,769","29,723","10,197","6,806","4,075","3,075",中部
2018,南投縣,"178,155",2.97,2.51,1.42,1.7,"967,369","592,938","102,936","11,591","16,199","119,005","13,349","121,006","56,870","19,629","25,840","17,303","59,281","29,929","12,671","6,888","3,026","3,256",中部
2018,雲林縣,"240,634",2.66,2.28,1.22,1.51,"860,237","556,969","78,179","9,714","11,275","110,141","13,068","127,340","62,760","17,945","19,129","14,732","55,406","37,280","7,746","6,470","2,577","2,336",中部
2018,嘉義縣,"182,905",2.87,2.43,1.36,1.57,"940,780","629,287","113,683","13,085","13,733","104,133","13,115","134,323","75,021","17,551","18,338","20,861","70,937","34,507","7,454","4,606","3,592","2,686",南部
2018,屏東縣,"287,294",2.84,2.34,1.35,1.6,"985,681","645,897","94,932","11,910","17,150","112,045","15,508","124,724","58,992","21,852","31,011","20,193","102,976","34,605","16,086","7,763","3,314","3,848",南部
2018,台東縣,"82,896",2.5,2.1,1.06,1.45,"884,510","534,302","76,530","13,051","13,310","122,375","9,923","106,207","47,334","17,392","22,845","12,300","64,052","28,981","13,124","5,945","1,806","1,970",東部
2018,花蓮縣,"125,851",2.62,2.11,1.09,1.51,"937,898","613,314","87,860","10,878","13,053","140,029","12,510","124,721","65,033","21,620","26,056","13,231","66,490","31,833","11,612","8,344","2,213","3,887",東部
2018,澎湖縣,"39,883",2.59,2.14,1.08,1.47,"959,761","541,139","84,986","11,259","19,468","115,177","13,625","113,397","40,633","22,070","24,041","19,119","50,634","26,730","11,247","8,195","2,160","2,439",離島
2018,基隆市,"153,191",2.86,2.45,1.15,1.6,"1,070,748","748,209","119,413","11,710","30,458","159,480","25,236","132,415","59,834","21,779","42,950","21,362","81,834","41,737","17,783","12,410","4,405","8,353",北部
2018,新竹市,"164,283",2.96,2.4,1.33,1.84,"1,426,379","956,393","152,134","10,843","28,549","221,402","26,997","129,190","98,416","25,425","57,058","36,084","115,939","54,355","27,396","14,885","4,094","10,683",北部
2018,嘉義市,"99,737",2.85,2.34,1.26,1.63,"1,152,499","713,443","108,942","7,468","18,488","154,561","18,209","117,451","62,908","22,491","36,238","27,102","105,779","33,804","17,474","9,162","4,263","5,338",南部
2019,新北市,"1,571,557",2.97,2.51,1.42,1.86,"1,319,841","810,975","97,119","8,246","24,805","218,099","22,887","125,791","66,201","25,766","53,671","30,929","99,492","37,969","28,256","13,065","4,236","8,113",北部
2019,台北市,"1,058,621",3.1,2.66,1.41,1.92,"1,723,021","1,152,501","161,150","8,371","32,881","306,002","35,623","155,722","82,268","28,480","108,796","34,876","136,809","61,523","72,146","19,444","4,757","12,449",北部
2019,桃園市,"816,222",3.21,2.56,1.52,1.81,"1,392,199","853,095","124,430","9,864","25,211","211,777","19,105","117,298","93,050","26,657","41,558","31,489","108,463","44,192","20,199","11,576","4,450","5,332",北部
2019,台中市,"979,469",3.07,2.58,1.46,1.78,"1,298,497","894,519","118,858","9,121","28,478","212,944","21,006","135,317","89,592","24,606","55,410","29,650","120,098","49,440","30,389","13,137","4,498","7,385",中部
2019,台南市,"692,289",2.96,2.52,1.45,1.73,"1,079,174","714,445","109,372","8,942","15,179","151,152","15,848","128,449","67,408","21,340","31,466","23,769","106,595","34,925","15,699","9,171","3,006","3,589",南部
2019,高雄市,"1,104,650",3.06,2.58,1.43,1.82,"1,224,668","842,428","116,739","9,173","20,048","180,896","21,024","145,269","82,583","23,782","43,888","29,574","128,610","40,840","23,722","11,019","3,728","5,419",南部
2019,宜蘭縣,"169,900",2.96,2.49,1.26,1.68,"1,093,475","771,019","129,674","12,898","19,636","158,327","22,207","143,172","80,139","21,437","35,297","21,128","76,365","50,740","18,184","8,916","2,728","5,470",北部
2019,新竹縣,"197,610",3.44,2.77,1.61,1.94,"1,539,555","1,006,874","141,332","11,741","30,038","226,594","26,433","133,094","136,413","24,855","56,703","43,636","113,935","62,100","29,225","13,512","5,323","8,643",北部
2019,苗栗縣,"190,098",2.95,2.41,1.27,1.6,"1,073,028","639,221","92,422","10,040","17,973","131,852","14,536","124,682","75,937","21,918","32,132","19,485","58,783","39,462","14,350","9,592","3,410","4,780",中部
2019,彰化縣,"390,815",3.02,2.51,1.48,1.69,"1,026,792","628,479","107,089","7,702","19,243","125,991","14,810","111,760","63,481","20,614","30,714","25,813","65,813","35,448","15,239","7,669","4,353","3,453",中部
2019,南投縣,"178,590",2.94,2.39,1.4,1.59,"940,893","606,254","99,534","12,352","15,076","121,187","12,521","121,257","63,712","19,076","24,687","18,610","61,357","36,885","10,424","7,834","2,900","3,529",中部
2019,雲林縣,"241,342",2.77,2.37,1.27,1.54,"933,883","602,116","86,060","11,774","12,367","114,347","16,615","139,683","71,872","17,640","22,596","17,048","59,915","32,199","10,390","6,380","2,541","3,284",中部
2019,嘉義縣,"183,302",2.71,2.26,1.21,1.47,"850,597","586,853","111,451","14,015","11,145","100,237","15,966","128,314","59,173","17,841","18,228","13,236","67,553","29,695","8,265","5,488","2,164","2,310",南部
2019,屏東縣,"288,710",2.87,2.31,1.22,1.6,"964,547","632,721","97,436","10,998","16,946","106,419","16,271","117,924","55,313","19,029","26,849","18,939","109,216","37,382","12,728","7,319","3,237","3,566",南部
2019,台東縣,"83,150",2.51,2.03,1.05,1.49,"874,386","525,790","70,523","13,283","10,698","126,831","8,134","115,828","46,690","17,087","17,909","10,493","61,589","26,726","9,750","5,481","1,731",947,東部
2019,花蓮縣,"126,329",2.51,2.14,1.07,1.51,"956,973","603,636","92,650","12,956","13,157","137,819","11,353","131,012","53,554","19,531","24,815","11,971","64,083","30,735","11,679","7,346","2,221","3,568",東部
2019,澎湖縣,"40,947",2.6,2.18,1.06,1.5,"1,037,554","589,135","113,422","10,144","19,870","112,319","12,383","149,136","41,671","18,404","22,397","11,210","50,144","28,035","8,591","8,447","1,769","3,589",離島
2019,基隆市,"153,933",2.91,2.47,1.21,1.73,"1,140,481","779,555","119,748","11,712","34,753","163,219","27,348","133,082","65,634","21,881","49,135","23,135","84,758","45,149","20,962","13,370","5,125","9,679",北部
2019,新竹市,"166,833",3.18,2.5,1.45,1.84,"1,602,826","1,018,975","146,704","9,912","26,760","243,877","27,594","133,086","105,599","26,592","64,143","53,605","129,567","51,537","32,680","17,592","4,784","9,086",北部
2019,嘉義市,"100,209",2.93,2.46,1.25,1.64,"1,208,298","753,030","109,878","8,279","18,956","152,132","20,022","130,859","76,429","21,958","36,267","27,204","111,772","39,275","19,176","9,195","3,118","4,779",南部
2020,新北市,"1,594,111",2.86,2.49,1.34,1.88,"1,352,548","791,454","97,025","7,873","22,319","227,434","23,101","134,485","61,216","25,049","35,668","25,389","97,383","34,514","12,125","12,242","3,505","7,796",北部
2020,台北市,"1,060,320",3.01,2.59,1.4,1.89,"1,716,591","1,109,351","162,847","7,722","29,817","303,628","35,989","157,974","73,614","25,913","67,334","36,500","149,609","58,404","31,741","18,985","4,348","12,261",北部
2020,桃園市,"834,453",3.25,2.61,1.54,1.91,"1,424,027","878,957","132,029","10,144","28,515","211,147","22,183","137,772","89,930","26,427","27,188","33,113","112,416","48,093","6,073","11,338","3,919","5,859",北部
2020,台中市,"993,132",2.99,2.51,1.41,1.75,"1,289,700","867,844","118,093","9,199","27,371","210,881","21,104","145,068","75,141","24,328","38,435","29,598","120,491","48,135","14,795","11,852","4,254","7,534",中部
2020,台南市,"699,095",2.82,2.38,1.37,1.64,"1,086,475","711,289","109,474","7,217","16,251","156,914","17,646","133,637","72,033","20,084","20,990","25,060","97,467","34,516","5,095","9,069","2,726","4,099",南部
2020,高雄市,"1,113,881",2.9,2.46,1.35,1.72,"1,224,100","805,946","116,057","8,845","18,807","176,426","22,010","144,629","74,329","22,284","29,993","27,760","124,433","40,372","9,983","10,612","3,522","5,877",南部
2020,宜蘭縣,"171,495",2.94,2.47,1.29,1.83,"1,138,365","754,386","132,090","11,027","19,603","157,082","25,538","135,695","79,647","21,269","28,348","20,442","77,265","46,380","11,987","7,802","2,875","5,684",北部
2020,新竹縣,"202,656",3.24,2.67,1.57,1.86,"1,619,782","1,036,565","136,894","12,968","28,838","258,700","38,816","135,506","159,946","28,279","37,384","38,456","114,127","46,651","6,332","15,456","4,133","11,463",北部
2020,苗栗縣,"192,076",3.02,2.53,1.31,1.66,"1,161,999","679,104","96,925","11,203","21,589","142,549","19,332","120,785","87,678","23,816","23,795","24,713","64,094","42,625","5,831","9,348","3,238","5,378",中部
2020,彰化縣,"394,507",2.82,2.41,1.34,1.62,"996,066","602,152","107,798","7,265","17,157","127,772","14,106","119,434","54,220","19,419","21,056","27,037","59,658","27,231","6,332","7,174","4,149","3,401",中部
2020,南投縣,"179,226",2.79,2.41,1.3,1.62,"997,605","631,895","103,635","10,416","16,610","129,738","16,579","138,393","68,280","19,077","19,844","16,949","61,331","31,045","5,127","7,331","3,004","4,382",中部
2020,雲林縣,"242,888",2.85,2.4,1.41,1.61,"988,062","624,843","93,496","15,043","13,623","120,500","18,060","144,483","57,953","18,881","18,637","19,690","67,033","37,445","4,548","8,153","2,500","3,435",中部
2020,嘉義縣,"184,112",2.55,2.25,1.26,1.53,"906,554","597,640","109,207","15,742","12,649","93,010","14,004","139,502","71,649","17,479","13,871","12,368","66,370","31,790","3,326","5,458","2,007","3,081",南部
2020,屏東縣,"290,649",2.8,2.37,1.34,1.63,"1,064,508","670,799","101,475","11,516","16,994","113,226","19,020","123,743","64,803","20,492","23,052","21,846","116,713","37,919","8,466","7,812","2,951","3,823",南部
2020,台東縣,"83,395",2.26,1.98,1.2,1.48,"891,340","510,527","75,789","12,409","11,732","127,306","10,421","113,174","50,173","16,486","11,627","5,740","48,434","27,234","2,462","5,637","1,209","2,319",東部
2020,花蓮縣,"127,030",2.6,2.22,1.07,1.58,"1,032,499","602,175","98,018","8,119","15,175","131,491","15,368","137,896","50,165","20,131","21,554","11,568","65,395","27,295","8,430","7,846","2,098","3,181",東部
2020,澎湖縣,"41,378",2.46,2.09,1.14,1.53,"1,091,011","582,716","109,400","8,008","20,377","123,557","15,799","123,940","40,965","19,867","19,050","10,085","62,839","28,829","4,569","8,999","1,887","3,594",離島
2020,基隆市,"155,018",2.64,2.29,1.08,1.6,"1,106,963","716,855","115,343","10,616","28,888","151,689","28,097","137,671","50,058","18,946","38,665","17,724","76,620","42,539","14,165","12,884","4,172","7,444",北部
2020,新竹市,"169,186",3.01,2.44,1.3,1.73,"1,618,903","955,542","153,574","8,947","21,940","249,862","26,213","131,505","76,901","22,141","42,346","41,035","129,191","51,886","14,756","15,052","4,240","8,298",北部
2020,嘉義市,"100,858",2.87,2.39,1.15,1.61,"1,225,219","745,830","117,286","10,131","16,335","151,186","16,783","135,535","64,210","20,355","26,142","26,775","121,198","39,894","8,082","8,840","3,335","5,884",南部
2021,新北市,"1,612,821",2.95,2.54,1.4,1.93,"1,381,603","814,953","104,448","8,315","22,984","231,940","24,283","140,579","65,414","26,676","26,177","28,279","100,264","35,595","1,694","12,327","3,731","8,425",北部
2021,台北市,"1,057,695",2.75,2.43,1.28,1.88,"1,732,126","1,066,065","150,788","7,248","28,002","314,645","41,556","161,404","66,433","25,239","43,420","31,148","141,084","55,100","8,812","17,715","3,941","12,952",北部
2021,桃園市,"853,848",3.07,2.54,1.44,1.83,"1,448,909","862,861","130,308","10,320","26,680","213,305","20,705","136,275","91,190","26,915","24,223","31,817","107,150","43,974","1,487","12,117","3,970","6,649",北部
2021,台中市,"1,009,568",2.92,2.45,1.4,1.76,"1,304,508","868,111","122,487","9,947","27,559","218,535","22,829","144,003","78,259","24,335","27,413","30,385","113,265","49,094","2,346","12,906","4,264","7,896",中部
2021,台南市,"705,803",2.85,2.45,1.39,1.75,"1,120,580","709,486","112,337","6,964","15,762","154,569","16,968","134,178","79,137","20,654","16,965","22,846","96,107","32,999","1,069","9,474","2,701","3,722",南部
2021,高雄市,"1,123,351",2.87,2.44,1.33,1.75,"1,231,562","799,016","115,796","8,817","18,806","174,365","21,798","156,939","69,905","22,525","20,703","25,732","125,165","38,463","1,888","10,000","3,130","5,685",南部
2021,宜蘭縣,"173,265",2.87,2.39,1.18,1.71,"1,136,419","771,878","138,903","10,142","22,132","146,925","28,151","157,811","87,796","21,995","20,756","17,545","73,147","46,576","2,732","8,717","3,326","5,981",北部
2021,新竹縣,"207,824",3.26,2.57,1.46,1.85,"1,689,337","1,069,700","139,540","13,457","30,408","238,707","35,211","161,281","149,142","30,227","37,826","47,663","121,427","64,811","1,702","15,972","5,437","14,715",北部
2021,苗栗縣,"194,320",3.09,2.61,1.41,1.84,"1,214,424","694,248","107,532","12,759","19,703","137,206","19,732","141,151","91,629","26,144","18,509","18,763","57,364","43,758","1,160","8,906","2,940","5,503",中部
2021,彰化縣,"397,597",3.08,2.51,1.48,1.78,"1,086,809","654,340","125,203","8,650","18,464","133,908","18,762","127,222","64,852","21,167","17,812","27,525","58,345","32,431","1,867","7,766","4,198","3,981",中部
2021,南投縣,"179,671",2.93,2.48,1.41,1.68,"985,686","618,074","111,475","12,501","18,151","109,069","14,351","139,357","65,165","19,886","16,323","17,986","59,844","33,966","1,741","7,471","2,760","4,351",中部
2021,雲林縣,"244,369",2.7,2.3,1.26,1.59,"1,024,191","612,098","87,407","13,037","14,010","114,743","17,879","144,382","67,291","19,371","14,248","15,391","67,767","36,575","1,034","7,114","2,168","3,932",中部
2021,嘉義縣,"184,817",2.66,2.34,1.14,1.58,"916,631","599,390","111,438","14,428","11,065","96,793","13,215","148,381","61,895","16,830","11,133","13,831","70,448","29,934",763,"5,757","2,260","2,353",南部
2021,屏東縣,"292,214",2.67,2.24,1.29,1.63,"1,046,302","646,958","89,943","10,569","16,263","110,823","16,362","135,894","63,998","20,207","17,263","17,357","112,067","36,211","2,106","7,758","2,792","4,607",南部
2021,台東縣,"83,767",2.43,2.07,1.09,1.47,"911,136","577,370","83,512","15,257","10,751","145,795","9,606","136,775","58,573","19,175","11,359","8,370","51,157","27,041","1,327","6,302","1,370","2,360",東部
2021,花蓮縣,"127,594",2.46,2.09,1.07,1.54,"1,026,488","603,532","90,795","8,940","13,850","139,839","11,938","149,527","50,330","20,015","14,484","10,766","60,773","32,275",810,"8,226","2,104","3,344",東部
2021,澎湖縣,"41,840",2.1,1.86,0.64,1.35,"796,484","498,437","98,810","6,654","13,609","105,501","13,168","141,318","22,925","14,701","12,792","8,693","37,109","23,157",791,"6,529","1,129","4,343",離島
2021,基隆市,"155,737",2.61,2.33,1.14,1.67,"1,111,556","725,102","120,181","11,059","29,374","157,913","27,819","132,365","57,619","19,722","29,699","17,439","77,324","44,587","2,286","13,594","3,790","10,029",北部
2021,新竹市,"172,450",3.07,2.56,1.39,1.79,"1,602,415","1,000,176","162,759","10,086","27,239","264,156","38,616","148,204","75,301","25,915","34,136","43,759","124,974","45,029","4,192","15,372","4,503","10,070",北部
2021,嘉義市,"101,345",2.71,2.41,1.24,1.65,"1,217,617","759,841","132,782","10,937","20,250","156,334","20,181","137,601","70,367","21,792","18,962","18,587","112,976","39,071",984,"9,588","2,810","5,580",南部
2022,新北市,"1,622,976",2.82,2.45,1.38,1.88,"1,421,385","834,596","103,241","8,491","25,778","234,608","26,146","144,990","62,490","25,976","30,619","26,704","109,911","35,643","3,776","13,543","3,510","9,789",北部
2022,台北市,"1,041,655",2.71,2.43,1.24,1.9,"1,752,411","1,096,896","151,765","7,533","27,802","321,362","39,225","170,105","64,842","24,755","48,503","31,093","157,534","52,378","12,489","18,542","4,122","13,349",北部
2022,桃園市,"866,529",3.06,2.52,1.45,1.86,"1,449,549","888,147","127,509","10,387","26,598","215,900","22,204","143,627","93,902","27,242","25,022","29,155","123,706","42,895","2,121","11,331","4,078","7,492",北部
2022,台中市,"1,022,349",2.91,2.46,1.38,1.77,"1,338,826","896,252","123,186","7,785","26,635","224,215","22,491","155,481","88,731","24,894","29,046","30,048","116,769","46,973","4,488","12,402","4,022","8,133",中部
2022,台南市,"711,543",2.79,2.36,1.37,1.69,"1,143,699","726,637","110,738","7,318","17,430","159,164","18,060","130,978","68,561","21,435","18,972","23,862","113,833","36,286","2,266","9,153","2,807","4,746",南部
2022,高雄市,"1,129,734",2.8,2.37,1.34,1.71,"1,263,068","849,073","118,307","8,511","20,009","191,775","26,082","152,531","75,799","23,981","24,551","25,926","137,606","43,996","2,592","11,466","3,217","7,276",南部
2022,宜蘭縣,"174,726",2.81,2.41,1.13,1.68,"1,165,558","763,549","123,394","11,125","20,129","159,865","26,767","144,834","74,096","22,294","19,592","19,689","92,134","49,630","2,395","9,697","2,343","5,157",北部
2022,新竹縣,"212,370",3.2,2.67,1.44,1.88,"1,702,134","972,903","117,236","10,885","25,560","221,183","30,489","161,947","125,419","29,860","31,381","40,786","121,217","56,939","3,321","13,244","4,178","10,637",北部
2022,苗栗縣,"195,947",2.85,2.48,1.35,1.76,"1,273,250","679,660","104,092","10,888","19,756","142,976","23,590","119,428","87,189","23,647","19,188","19,596","71,058","38,253","1,769","8,897","2,922","5,601",中部
2022,彰化縣,"400,502",2.96,2.53,1.43,1.76,"1,108,221","642,328","112,890","6,411","17,691","136,412","17,080","136,030","59,781","20,296","17,545","22,982","63,765","31,446","2,302","6,820","3,846","4,577",中部
2022,南投縣,"179,601",2.93,2.53,1.42,1.77,"1,048,879","665,174","108,916","10,454","19,338","128,376","16,172","154,034","59,169","21,639","17,442","17,326","72,658","39,650","2,176","8,224","2,673","4,369",中部
2022,雲林縣,"244,767",2.66,2.33,1.23,1.57,"1,016,913","609,404","90,333","8,735","13,986","104,758","17,792","171,374","54,547","18,725","13,727","13,239","62,114","40,077","1,213","7,426","2,190","2,897",中部
2022,嘉義縣,"185,092",2.54,2.28,1.08,1.58,"891,498","571,503","112,001","14,326","10,091","90,183","12,076","134,092","61,736","17,064","10,727","12,019","71,581","25,608","1,383","5,936","1,370","2,038",南部
2022,屏東縣,"294,025",2.76,2.36,1.38,1.7,"1,083,933","694,855","112,407","8,603","16,330","116,597","17,980","141,128","62,730","22,818","18,116","15,516","125,906","36,725","2,620","8,896","2,432","4,168",南部
2022,台東縣,"84,072",2.42,2.01,1.08,1.49,"916,928","564,660","92,191","15,221","9,802","139,647","8,455","124,211","45,897","18,591","10,674","9,810","68,069","22,092","1,095","5,357","1,540","2,682",東部
2022,花蓮縣,"127,840",2.35,2.09,1.05,1.61,"1,010,041","570,809","86,173","9,187","12,147","140,536","14,819","137,888","42,491","20,491","13,726","6,920","61,125","25,305","1,711","7,063","1,284","3,669",東部
2022,澎湖縣,"42,205",2.21,1.98,0.85,1.48,"919,357","538,430","125,032","8,797","12,104","110,364","12,886","112,244","34,671","15,768","13,914","10,927","47,701","34,022",756,"8,220","1,024","3,915",離島
2022,基隆市,"156,154",2.63,2.3,1.1,1.64,"1,099,526","728,266","120,737","11,663","30,013","152,671","29,038","138,235","60,522","21,490","30,223","15,442","81,023","37,208","3,940","12,559","3,975","9,749",北部
2022,新竹市,"174,515",2.99,2.44,1.26,1.79,"1,722,889","1,058,294","145,001","9,159","26,684","290,277","25,585","165,672","93,705","27,594","31,694","47,856","145,188","49,881","3,422","15,817","3,502","8,953",北部
2022,嘉義市,"101,826",2.63,2.28,1.14,1.6,"1,282,798","731,351","105,733","7,934","16,548","160,621","21,170","141,823","61,951","21,111","19,269","22,616","115,264","37,310","1,616","10,179","2,846","4,628",南部
2023,新北市,"1,655,751",2.72,2.44,1.33,1.87,"1,440,893","856,018","107,691","7,775","25,490","235,873","27,757","148,485","61,106","25,216","39,231","25,756","115,510","36,128","12,825","14,048","3,228","9,130",北部
2023,台北市,"1,059,757",2.68,2.46,1.27,1.95,"1,751,823","1,093,879","154,135","6,625","27,047","310,442","41,694","167,120","65,873","23,970","60,310","26,215","160,317","50,131","25,413","18,047","3,512","13,339",北部
2023,桃園市,"891,027",3.03,2.6,1.44,1.9,"1,490,814","917,541","137,466","10,401","26,248","213,208","21,501","146,845","95,089","27,819","33,038","30,546","127,197","48,183","10,637","12,032","3,867","6,503",北部
2023,台中市,"1,047,164",2.83,2.46,1.38,1.79,"1,346,521","915,475","119,810","8,457","26,302","224,707","22,555","155,683","92,511","24,942","37,447","29,832","124,671","48,558","11,469","13,647","4,145","8,159",中部
2023,台南市,"721,550",2.81,2.48,1.39,1.75,"1,177,168","764,143","115,001","8,661","17,540","163,894","17,524","146,000","72,430","23,161","23,807","23,219","117,777","35,129","5,988","9,649","2,737","5,432",南部
2023,高雄市,"1,144,005",2.78,2.45,1.35,1.78,"1,325,786","880,663","126,337","7,820","20,980","197,966","23,942","162,510","81,764","24,252","31,894","25,723","135,401","42,074","9,936","12,463","3,176","6,318",南部
2023,宜蘭縣,"177,238",2.64,2.3,1.01,1.58,"1,114,997","754,252","136,705","11,407","19,187","160,647","27,522","154,115","67,834","19,722","20,851","15,153","78,229","42,880","6,584","7,486","2,159","4,623",北部
2023,新竹縣,"218,361",3.01,2.44,1.38,1.74,"1,846,263","1,068,365","117,126","8,943","31,373","277,612","31,057","141,170","143,793","28,074","44,213","55,899","129,026","60,079","7,949","17,839","2,159","13,093",北部
2023,苗栗縣,"198,022",3.02,2.64,1.41,1.85,"1,341,195","761,672","126,840","12,220","22,842","140,820","22,559","142,156","87,375","28,270","30,897","17,490","88,768","41,435","9,906","10,493","3,071","7,426",中部
2023,彰化縣,"404,247",2.94,2.58,1.43,1.77,"1,164,937","680,612","112,778","7,054","18,013","131,194","18,629","138,649","80,300","20,989","21,975","24,066","76,615","30,350","7,032","7,527","3,761","3,655",中部
2023,南投縣,"180,196",2.78,2.52,1.49,1.76,"1,069,123","622,161","108,576","11,017","14,666","115,227","17,478","145,227","58,351","20,068","17,558","10,843","68,944","34,206","4,629","7,514","2,136","3,279",中部
2023,雲林縣,"246,207",2.61,2.33,1.35,1.64,"1,087,755","637,551","88,163","9,146","15,438","111,840","18,194","165,202","58,562","21,421","20,156","14,201","71,724","43,504","3,291","9,398","2,327","5,140",中部
2023,嘉義縣,"185,790",2.55,2.3,1.16,1.56,"936,713","593,939","117,578","13,148","11,776","94,988","12,509","137,857","62,498","18,612","14,468","10,441","73,830","26,234","3,501","6,688","1,695","2,584",南部
2023,屏東縣,"296,396",2.73,2.38,1.39,1.7,"1,081,286","707,405","116,750","12,281","16,215","116,570","14,898","151,331","52,834","21,431","18,320","13,077","133,199","40,499","5,276","7,253","2,163","3,627",南部
2023,台東縣,"84,425",2.39,2.04,1.07,1.48,"930,467","614,097","89,622","15,926","11,668","150,453","11,240","126,616","61,313","19,964","16,720","9,759","69,358","31,458","6,508","6,630","1,575","2,006",東部
2023,花蓮縣,"128,496",2.36,2.09,1.05,1.51,"1,018,629","608,420","98,390","9,583","14,276","142,826","15,205","135,835","51,963","20,496","16,764","8,175","66,812","28,095","2,867","7,876","1,703","4,318",東部
2023,澎湖縣,"42,807",2.42,2.13,0.93,1.53,"1,060,432","608,997","119,624","6,702","14,043","132,581","15,032","148,409","33,643","19,168","23,015","12,051","53,336","31,393","4,070","9,880","1,423","7,642",離島
2023,基隆市,"158,167",2.67,2.37,1.19,1.72,"1,136,337","776,450","121,072","11,497","25,829","160,349","25,932","160,654","63,763","22,327","34,427","17,938","88,421","44,241","8,997","12,662","3,849","8,919",北部
2023,新竹市,"177,461",2.89,2.44,1.36,1.86,"1,851,383","1,082,394","159,028","11,378","25,121","284,008","25,971","147,900","93,417","28,045","52,795","39,014","148,389","67,328","18,363","20,415","4,509","9,508",北部
2023,嘉義市,"102,932",2.86,2.5,1.29,1.77,"1,348,030","878,567","124,137","8,753","22,203","178,917","26,803","156,564","64,666","26,707","31,347","28,319","169,736","40,415","11,584","9,124","3,312","7,326",南部
